experiment,population_size,mutation_probability,tournament_size,total_distance,imbalance,runtime
population_size,100,0.2,3,498.45792075362743,34.15438105321572,0.5763506889343262
population_size,300,0.2,3,506.65600429881675,32.77687308207182,1.4058616161346436
population_size,500,0.2,3,478.3851906463578,38.98574501667313,2.208366632461548
mutation_probability,300,0.1,3,490.81119208991663,37.09128250713195,1.2024614810943604
mutation_probability,300,0.2,3,478.3851906463578,38.98574501667312,1.2635533809661865
mutation_probability,300,0.4,3,478.3851906463578,38.98574501667312,1.3162734508514404
tournament_size,300,0.2,2,484.17722346924444,37.64853620656265,1.2393558025360107
tournament_size,300,0.2,3,498.45792075362743,34.15438105321572,1.3085312843322754
tournament_size,300,0.2,5,478.3851906463578,38.98574501667312,1.2200922966003418
